{
    "backtest": {
        "initial_balance": 100,
        "commission": 0.001,
        "mode": "replay"
    },
    "trading": {
        "position_size_percentage": 10,
        "leverage": 30.0
    },
    "replay": {
        "stop_loss_percentage": 5.0,
        "trigger_profit_percentage": 5.0,
        "trailing_percentage": 5.0,
        "profit_lock_percentage": 5.0,
        "lookahead_hours": 24,
        "optimize": false
    },
    "optimization": {
        "timeframe_configs": {
            "1m": {
                "description": "Быстрые параметры для 1-минутного таймфрейма",
                "parameters": {
                    "stop_loss_percentage": {"min": 1.0, "max": 60.0, "step": 1.0},
                    "trigger_profit_percentage": {"min": 1.0, "max": 60.0, "step": 1.0},
                    "trailing_percentage": {"min": 1.0, "max": 60.0, "step": 1.0},
                    "profit_lock_percentage": {"min": 1.0, "max": 60.0, "step": 1.0}
                }
            },
            "5m": {
                "description": "Средние параметры для 5-минутного таймфрейма",
                "parameters": {
                    "stop_loss_percentage": {"min": 1.0, "max": 60.0, "step": 1.0},
                    "trigger_profit_percentage": {"min": 1.0, "max": 60.0, "step": 1.0},
                    "trailing_percentage": {"min": 1.0, "max": 60.0, "step": 1.0},
                    "profit_lock_percentage": {"min": 1.0, "max": 60.0, "step": 1.0}
                }
            },
            "15m": {
                "description": "Широкие параметры для 15-минутного таймфрейма",
                "parameters": {
                    "stop_loss_percentage": {"min": 1.0, "max": 60.0, "step": 1.0},
                    "trigger_profit_percentage": {"min": 1.0, "max": 60.0, "step": 1.0},
                    "trailing_percentage": {"min": 1.0, "max": 60.0, "step": 1.0},
                    "profit_lock_percentage": {"min": 1.0, "max": 60.0, "step": 1.0}
                }
            },
            "30m": {
                "description": "Долгосрочные параметры для 30-минутного таймфрейма",
                "parameters": {
                    "stop_loss_percentage": {"min": 1.0, "max": 60.0, "step": 1.0},
                    "trigger_profit_percentage": {"min": 1.0, "max": 60.0, "step": 1.0},
                    "trailing_percentage": {"min": 1.0, "max": 60.0, "step": 1.0},
                    "profit_lock_percentage": {"min": 1.0, "max": 60.0, "step": 1.0}
                }
            }
        },
        "legacy_parameters": {
            "stop_loss_percentage": {"min": 1.0, "max": 60.0, "step": 1.0},
            "trigger_profit_percentage": {"min": 1.0, "max": 60.0, "step": 1.0},
            "trailing_percentage": {"min": 1.0, "max": 60.0, "step": 1.0},
            "profit_lock_percentage": {"min": 1.0, "max": 60.0, "step": 1.0}
        }
    }
}

